{"cameraMode":{"drawMode":0,"name":"Shaded","section":"Shading Mode"},"sceneLighting":true,"audioPlay":false,"sceneViewState":{"m_AlwaysRefresh":false,"showFog":true,"showSkybox":true,"showFlares":true,"showImageEffects":true,"showParticleSystems":true,"showVisualEffectGraphs":true,"m_FxEnabled":true},"in2DMode":false,"pivot":{"x":1.8991639614105225,"y":0.45889461040496828,"z":0.3338894844055176},"rotation":{"x":0.15612265467643739,"y":0.2190859168767929,"z":-0.035556621849536899,"w":0.9624971747398377},"size":2.7582285404205324,"orthographic":false}