{"cameraMode":{"drawMode":0,"name":"Shaded","section":"Shading Mode"},"sceneLighting":true,"audioPlay":false,"sceneViewState":{"m_AlwaysRefresh":false,"showFog":true,"showSkybox":true,"showFlares":true,"showImageEffects":true,"showParticleSystems":true,"showVisualEffectGraphs":true,"m_FxEnabled":true},"in2DMode":false,"pivot":{"x":0.8410303592681885,"y":1.5837839841842652,"z":-0.4544999599456787},"rotation":{"x":0.13765187561511994,"y":0.7306722402572632,"z":-0.15459291636943818,"w":0.6506101489067078},"size":1.7660255432128907,"orthographic":false}